,LTV,event,purpose1
0,0.2140780963,1,0
1,0.2140780963,1,0
2,0.2140780963,1,0
3,0.2140780963,1,0
4,0.2140780963,1,0
5,0.0273835444,1,0
6,0.0626694594,0,0
7,0.2261305114,1,0
8,0.007380168,1,0
9,0.062931065,0,0
10,0.029476578399999998,0,0
11,0.149695421,1,0
12,0.149695421,1,0
13,0.055826136299999995,0,0
14,0.0964745041,1,0
15,0.1237127443,0,0
16,0.1237127443,0,0
17,0.0611796997,1,0
18,0.06856154889999999,1,0
19,0.09065939869999999,1,0
20,0.11560268189999999,1,0
21,0.14299359679999998,0,0
22,0.1348537677,1,0
23,0.0994020308,1,0
24,0.0803606775,0,0
25,0.0186648124,0,0
26,0.3897927478,0,0
27,0.2808281353,1,0
28,0.1436267212,0,0
29,0.1558992221,1,0
30,0.1558992221,1,1
31,0.17628720690000002,1,0
32,0.3414275182,0,0
33,0.3414275182,1,0
34,0.21169625,0,0
35,0.2747838696,1,0
36,0.3986295999,1,0
37,0.0604347578,0,0
38,0.5380058876,1,0
39,0.1397766331,1,0
40,0.1397766331,0,0
41,0.0376735652,1,0
42,0.0376735652,1,0
43,0.305956264,1,0
44,0.3180654476,0,0
45,0.3180654476,0,0
46,0.3180654476,0,0
47,0.2945576576,1,0
48,0.2945576576,1,0
49,0.2945576576,1,1
50,0.2451715172,1,0
51,0.3991490055,0,0
52,0.0937641364,0,0
53,0.342335706,1,0
54,0.34581689340000005,1,0
55,0.5532662329,1,0
56,0.3945544123,1,0
57,0.3945544123,0,0
58,0.48665344340000005,1,0
59,0.19883143469999998,0,0
60,0.1586999302,0,0
61,0.1586999302,1,1
62,0.102892483,1,0
63,0.17844145530000002,1,0
64,0.1682649014,1,0
65,0.3572564976,0,0
66,0.1320458622,0,0
67,0.7921484534000001,1,0
68,0.3075353629,1,0
69,0.2883173632,1,0
70,0.2883173632,1,0
71,0.7121818377,1,0
72,0.7121818377,1,0
73,0.7121818377,1,0
74,0.28214708039999997,1,0
75,0.5937313929,1,0
76,0.3022811528,1,0
77,0.5618522362,1,0
78,0.5618522362,0,0
79,0.18858236190000002,1,0
80,0.07107056469999999,0,0
81,0.27449208010000004,0,0
82,0.2591797162,1,0
83,0.2777940384,1,0
84,0.16424567210000002,0,0
85,0.2768718838,0,0
86,0.4218305821,0,0
87,0.0814636835,0,0
88,0.3198570687,0,0
89,0.24424868030000002,1,0
90,0.2733279755,1,0
91,0.1471268136,0,0
92,0.1471268136,0,0
93,0.2761435747,1,0
94,0.3854844986,0,0
95,0.8060819393,1,0
96,0.35809084469999997,0,0
97,0.486855538,1,0
98,0.1644750426,1,0
99,0.23413404219999998,1,1
100,0.3493583868,1,0
101,0.3740029797,1,0
102,0.3740029797,1,0
103,0.3740029797,1,0
104,1.0441944286,1,0
105,0.35311400090000006,0,0
106,0.369033661,1,0
107,0.6240064955,1,0
108,0.1776620892,0,0
109,0.6913060665,1,0
110,0.5008184265,1,1
111,0.1381995141,1,0
112,0.1381995141,1,0
113,0.7189642812,1,0
114,0.4931305217,1,0
115,0.4027823635,1,0
116,0.2158293418,0,0
117,0.2158293418,0,0
118,0.7734247121,0,0
119,0.3968102128,0,0
120,0.5857477318,1,0
121,1.2710949806999998,1,0
122,0.7532270756999999,1,0
123,0.39505021630000003,1,0
124,0.8818084920999999,1,0
125,0.8818084920999999,0,0
126,0.317442716,1,1
127,0.4653115201,1,0
128,0.1168124893,1,0
129,0.3752206929,1,0
130,0.48686115490000004,1,0
131,0.48686115490000004,1,0
132,0.48686115490000004,0,0
133,0.0320708237,1,0
134,0.2588371305,1,0
135,0.48781879969999997,1,0
136,0.1472454748,0,0
137,0.2246772689,1,0
138,0.41696131909999995,1,0
139,0.4348256564,1,0
140,0.4348256564,1,0
141,0.6551938755,0,0
142,0.7178047934,1,0
143,0.059841291799999995,0,0
144,0.32947168109999997,1,0
145,0.2916543246,1,0
146,0.6136372198,1,0
147,0.14919471609999999,1,1
148,0.0339912289,0,0
149,0.2845344487,0,0
150,0.42652087299999997,1,0
151,0.0455990442,1,0
152,0.39627305020000003,0,0
153,0.12941152960000002,0,0
154,0.6334403622,1,0
155,0.9833931777,1,0
156,0.3769763382,1,0
157,0.4993516821,1,0
158,0.379788034,1,0
159,0.5880192453,0,0
160,0.8119580248,1,0
161,0.2946717428,1,0
162,0.17825903699999998,0,0
163,0.4558818396,1,0
164,0.7299570296,1,0
165,0.4282132762,1,0
166,0.4117538946,1,0
167,0.5014345229,1,0
168,0.22941255600000002,1,0
169,0.22941255600000002,1,0
170,0.9269785292,1,0
171,0.5822846842,1,0
172,0.2697253994,0,0
173,0.375469916,1,0
174,0.4144921747,1,0
175,0.4059137382,1,0
176,0.7437341331,1,0
177,0.44810594600000003,1,0
178,0.7063029318,1,0
179,0.7149309711,1,0
180,0.11839020789999999,0,0
181,0.39200113270000003,1,0
182,0.7832999155,1,0
183,0.6322561597999999,0,0
184,0.3278955621,1,0
185,0.3278955621,1,0
186,0.8082458302,1,0
187,0.7356097583,0,0
188,0.6403659352000001,0,0
189,0.3650064417,1,0
190,0.6007197368,0,0
191,0.6007197368,0,0
192,0.10353931289999999,1,0
193,0.33744765549999994,0,0
194,0.5813018726,1,0
195,0.5813018726,0,0
196,0.4578135854,0,0
197,0.7844955228,0,0
198,0.3352186534,0,0
199,0.7365900805,1,0
200,0.6011125545,0,0
201,0.5258047628,0,0
202,0.5232156368,1,0
203,0.40025454689999995,1,0
204,0.342265397,1,0
205,0.341575279,1,0
206,0.8463918764,1,0
207,0.4132365336,1,0
208,0.6349400312,1,0
209,0.3838002828,1,0
210,0.7307960231,1,0
211,0.45032309,1,0
212,0.8558736311,1,0
213,0.0629317348,0,0
214,0.0629317348,1,0
215,0.0629317348,0,0
216,0.0629317348,0,0
217,0.7166477245,1,0
218,0.4717211538,1,0
219,0.39442306899999996,1,0
220,0.34520840490000004,0,0
221,0.41738679079999996,1,0
222,1.8716854525,1,0
223,0.6393586562,1,0
224,0.5058552332999999,1,1
225,0.140710588,0,0
226,0.8432759053,1,0
227,0.5271024353,1,0
228,0.9693427162,0,0
229,0.4149609265,0,0
230,0.4296169714,1,0
231,0.3518597508,1,0
232,0.454669029,1,0
233,0.7147938003000001,1,0
234,0.5022590868,1,0
235,0.5290977987,1,0
236,0.4062584628,0,0
237,0.3638782432,0,1
238,0.3206323016,0,0
239,0.3206323016,0,0
240,0.5073376855,1,0
241,0.5411173842,1,0
242,0.45205236810000005,1,0
243,0.5325954149000001,0,0
244,0.35894813810000004,0,1
245,0.24818108149999998,0,0
246,0.39948487439999997,1,0
247,0.3611645629,1,0
248,0.7536606668000001,1,0
249,0.1685867532,1,0
250,0.1685867532,1,0
251,0.9674707965,1,0
252,0.6104439189,1,0
253,0.9365420545,1,0
254,0.41539988240000003,0,1
255,0.41539988240000003,0,0
256,0.3303968297,0,0
257,0.5392297963,1,0
258,0.5724781109,0,0
259,0.4291127845,0,0
260,0.8176592817,1,0
261,0.5798677862,1,0
262,0.5798677862,1,0
263,0.48718627630000005,1,0
264,0.8329251448999999,1,0
265,0.8614890476,1,0
266,0.3745705052,0,1
267,0.7776970158,1,0
268,0.5960623321999999,1,0
269,0.5960623321999999,1,0
270,0.9388868235,1,0
271,0.5621997571,1,0
272,0.5168796653,1,0
273,0.5168796653,1,0
274,0.1772991611,1,0
275,0.6987849842,1,0
276,0.5256769162,1,0
277,0.8133284916,0,0
278,1.0571388752,1,0
279,0.5351855763000001,1,1
280,0.275849627,1,0
281,0.5814974714,1,0
282,0.258638711,0,0
283,0.5857778735,1,0
284,0.46118934920000004,0,0
285,0.4527956989,1,0
286,0.6136722164,0,0
287,0.5481741105,1,0
288,1.4329071915,1,0
289,0.8634414545,1,0
290,0.8287722142,0,0
291,0.3361168507,1,0
292,0.5077280385,0,0
293,0.9696191992000001,1,0
294,1.0389733824,1,0
295,0.5613585783,1,0
296,0.6422571543,1,0
297,0.45938345340000003,1,0
298,0.6663318532,1,0
299,0.35612603229999995,0,0
300,0.09659982550000001,1,0
301,0.09659982550000001,0,0
302,0.36767010619999996,0,0
303,0.36767010619999996,1,0
304,0.0334261632,0,0
305,0.0334261632,0,0
306,0.6796155322,1,0
307,0.6026842586,0,0
308,0.8620664308,1,0
309,0.3376448601,1,0
310,0.5516479686,0,0
311,1.158057973,1,0
312,0.8221245454999999,0,0
313,0.22602616120000002,0,0
314,0.7966717066,1,0
315,0.2622451351,1,0
316,0.1463303106,0,0
317,0.26944307559999997,1,0
318,0.5575022366,1,0
319,0.4616687763,1,0
320,0.3858933382,1,0
321,0.3994659888,1,0
322,0.7536459625,1,0
323,0.7536459625,1,0
324,0.6747808913,0,0
325,0.09303563289999998,0,0
326,0.4599765058,0,0
327,0.0414805354,1,0
328,0.5982161916,1,0
329,0.5982161916,1,1
330,0.5982161916,1,1
331,0.5982161916,1,0
332,0.5982161916,1,0
333,0.5982161916,1,0
334,0.5982161916,1,0
335,0.5689667051,0,0
336,0.5689667051,0,0
337,0.5689667051,0,0
338,0.40300980740000003,0,0
339,0.6594855396,1,0
340,0.6365902185,0,0
341,0.5557476441,0,0
342,0.47748197299999995,1,0
343,0.47748197299999995,1,0
344,0.34153464710000003,0,0
345,0.5234086232999999,0,0
346,0.5234086232999999,0,0
347,0.6766332111,1,0
348,0.6766332111,1,0
349,0.6042657661999999,1,0
350,0.4752726475,1,0
351,1.00358571,1,0
352,0.8003505563,1,0
353,0.4876670393,1,0
354,0.6398719139,0,0
355,0.0686408283,0,0
356,0.6163778809,1,0
357,0.8078346337000001,1,0
358,0.1363124118,1,0
359,0.6733023265000001,1,0
360,0.2651304472,1,0
361,0.3308817105,1,1
362,0.5406153823,1,0
363,0.34385637280000003,0,0
364,0.5314432946000001,1,0
365,0.2070727343,0,0
366,0.16601856550000002,0,0
367,0.47814816920000003,0,0
368,0.32934928199999997,0,0
369,0.32934928199999997,0,0
370,0.4716820966,1,0
371,0.7985972923000001,1,0
372,0.41823800310000003,0,0
373,0.023598266,1,0
374,0.3874093188,0,0
375,0.3874093188,0,0
376,0.6492050322999999,0,0
377,0.6873894428,1,0
378,0.27861740879999997,1,0
379,0.4596248996,0,0
380,0.5442195338,1,0
381,0.4860471464,1,0
382,0.530575,0,0
383,0.4057956873,1,0
384,0.2844894355,1,0
385,0.37783944070000003,1,0
386,0.37783944070000003,1,0
387,0.8505169474,1,0
388,0.48289585549999997,1,0
389,0.5441995964,1,0
390,0.37938374490000004,0,0
391,0.37547422399999997,0,0
392,0.47538110079999996,1,0
393,0.5022601049000001,0,0
394,0.2822373372,1,0
395,0.3474931376,1,0
396,0.7333279972,0,0
397,0.5802528371,1,0
398,0.4361524574,1,0
399,0.22123935309999998,1,0
400,0.41932226829999997,1,0
401,0.4691486929,1,0
402,0.4691486929,1,0
403,0.56513543,1,0
404,1.5179661538,0,0
405,1.0354817484999999,1,0
406,0.5826356553,1,0
407,0.39689689920000004,0,0
408,0.39689689920000004,0,0
409,0.3332455446,1,0
410,0.10516385630000001,1,0
411,0.10516385630000001,1,0
412,0.7733956412,1,0
413,0.546971643,1,0
414,0.6698137854,1,0
415,0.7605917354999999,1,0
416,0.3576166301,1,0
417,0.5187303608,1,0
418,0.6779961788,0,0
419,0.6673061153000001,1,0
420,0.634781822,1,0
421,0.32033152,0,0
422,0.052185149800000004,1,0
423,0.5851378615,1,0
424,0.5851378615,1,1
425,0.6457236974,0,0
426,0.8244616901,1,0
427,0.4861102036,1,0
428,0.9705169392,1,0
429,0.35950423740000004,0,0
430,0.35950423740000004,0,0
431,0.35950423740000004,0,0
432,0.5574739576,0,0
433,0.359599324,0,0
434,0.359599324,0,0
435,0.474314058,1,0
436,0.3112173379,1,0
437,0.3112173379,1,0
438,0.2340481418,0,0
439,0.7896149906000001,0,0
440,0.9165443708,1,0
441,0.9165443708,1,0
442,0.5713742244,1,0
443,0.3112930511,0,0
444,0.3440604228,0,0
445,0.7031225751000001,1,0
446,0.7031225751000001,1,0
447,0.6285702417,1,0
448,0.5081316584000001,1,0
449,0.3653574604,1,0
450,0.6413407243,1,0
451,0.6413407243,1,0
452,0.4487292578,1,0
453,0.0656016732,1,0
454,0.2342088128,1,0
455,0.6249143058,1,0
456,0.282691985,0,0
457,0.47340830079999996,1,0
458,0.47340830079999996,1,0
459,0.2866185549,1,0
460,0.8932186072,1,0
461,0.6218252844,1,0
462,0.331715111,0,0
463,0.5252819766,1,0
464,0.4467093574,0,0
465,0.34085795210000003,0,0
466,0.6030388675,1,0
467,0.1672505881,0,0
468,0.8169317487000001,1,0
469,0.7754510823,1,0
470,0.7014744218000001,1,1
471,0.3398572351,0,0
472,0.3142214409,0,0
473,0.4340209243,1,0
474,0.4340209243,1,0
475,0.45829191770000005,1,0
476,0.3857422544,0,0
477,0.3857422544,0,0
478,0.7749815462,1,0
479,0.43919315159999994,0,0
480,0.42387220299999995,1,0
481,0.5309716454,0,0
482,0.30979273329999996,1,0
483,0.30979273329999996,1,0
484,0.5848074984,1,0
485,0.37715072450000003,0,0
486,1.0488157790000001,1,0
487,1.0488157790000001,1,0
488,1.0488157790000001,1,0
489,1.0175722877,1,0
490,0.7474955493000001,1,0
491,0.4922830272,0,0
492,0.4951644797,0,0
493,0.44727924329999996,1,0
494,0.5604313196,1,0
495,0.74951448,1,0
496,0.74951448,1,0
497,0.6230015275,1,0
498,0.6230015275,1,0
499,0.6230015275,1,0
500,0.5175869571,0,0
501,0.42804219270000005,1,1
502,0.42804219270000005,1,0
503,0.6116457272,0,0
504,0.4064722964,0,0
505,0.4393396558,0,0
506,0.4393396558,1,0
507,0.5081404366,1,0
508,0.3680372039,0,0
509,0.52222066,0,0
510,0.52222066,0,0
511,0.4769510547,1,0
512,0.3490744,0,0
513,0.2196067202,1,0
514,0.0779047248,1,0
515,0.6739045254000001,0,0
516,0.0358048163,1,0
517,0.500356945,1,0
518,0.7937975556,0,0
519,0.7937975556,1,0
520,0.3084661472,0,0
521,0.3950306296,0,0
522,0.4236344818,1,0
523,0.4236344818,0,0
524,0.5839612354,0,0
525,0.4336203432,0,0
526,0.49374892369999995,0,0
527,0.43229632869999995,0,0
528,0.629231433,1,0
529,0.6340190981,1,0
530,0.8247979359000001,1,0
531,0.8247979359000001,1,0
532,0.75246956,1,0
533,0.75246956,1,0
534,0.3716452479,0,0
535,0.5175284736,0,0
536,0.3272442545,0,0
537,0.3272442545,0,0
538,0.3272442545,1,0
539,0.6133995537,1,0
540,0.9841567717,1,0
541,0.6039926435,0,0
542,0.6291287143,1,0
543,0.6291287143,1,0
544,0.4567266439,0,0
545,0.1317658118,0,0
546,0.6793812765,1,0
547,0.567505485,1,0
548,0.5194637189,0,0
549,0.372009067,1,0
550,0.482797484,1,0
551,0.2868980901,0,0
552,0.09693454369999999,1,0
553,0.4702297503,1,0
554,0.4897333039,0,0
555,0.5116698788,0,0
556,0.5116698788,1,0
557,0.161419716,0,0
558,0.42541956770000006,1,0
559,0.42541956770000006,1,0
560,0.7564725173000001,1,0
561,0.7564725173000001,1,0
562,0.8190889061,1,0
563,0.6966717151,1,0
564,0.542644508,1,0
565,0.8355926215999999,1,0
566,1.0183220097,1,0
567,0.6694028693,0,0
568,0.2061182692,0,0
569,0.8373457163,1,0
570,0.573847174,0,0
571,0.5484506890999999,1,0
572,0.1539486907,0,0
573,0.3673595608,0,0
574,0.21475087329999998,0,1
575,0.2779697793,1,0
576,0.4902839849,1,0
577,0.1319662492,0,0
578,0.7542315737999999,1,0
579,0.473959109,0,0
580,0.8746836399,1,0
581,0.6130700997,1,1
582,0.6130700997,1,0
583,0.578774126,0,0
584,0.8686810601,1,0
585,0.5765130575,1,0
586,0.2229658581,1,0
587,0.4265738503,0,0
588,0.44494680439999995,0,0
589,0.5134008247999999,1,0
590,0.4980039329,0,0
591,0.5409070341,1,0
592,0.5409070341,1,0
593,0.500844159,0,0
594,0.4971569465,1,0
595,0.29076136,0,0
596,0.7439933020999999,1,0
597,0.4715817939,0,0
598,0.4715817939,0,0
599,0.406416815,0,0
600,0.38115469609999997,0,0
601,0.5471636441,1,0
602,0.383791195,0,0
603,0.383791195,0,0
604,0.23413650809999997,0,1
605,0.4276400144,0,1
606,0.6448100627000001,0,0
607,0.6448100627000001,0,0
608,0.1806785339,1,0
609,0.24165478199999998,1,0
610,0.24165478199999998,0,0
611,0.5914364004,1,0
612,0.5914364004,1,0
613,0.357483361,1,0
614,0.5708480364,0,0
615,0.5485540796,1,0
616,0.3587703008,1,0
617,0.3587703008,1,1
618,0.2335399866,0,0
619,0.5385470104,1,0
620,0.42354098090000003,0,0
621,1.0600480794,1,0
622,0.47867548649999997,1,0
623,0.16806522699999998,0,0
624,0.4309374701,0,0
625,0.49446099130000004,0,0
626,0.22818925620000002,0,0
627,0.40330933609999997,1,0
628,0.12150411189999999,1,0
629,0.6597822565,0,0
630,0.3744265276,0,0
631,0.6524020739999999,1,0
632,0.6493739365,1,0
633,0.8804649314,1,0
634,0.45478724789999997,0,0
635,0.45478724789999997,0,0
636,0.9802640534,1,0
637,0.8145281132,0,1
638,1.1086014370000001,0,0
639,0.1573625391,1,0
640,0.1573625391,1,0
641,0.1573625391,0,0
642,0.8310578358,1,0
643,0.3122912935,0,0
644,0.4174686625,0,0
645,0.4174686625,0,0
646,0.5479742638,1,0
647,0.5762147493,1,0
648,0.9584966667,1,0
649,0.6729647602,1,0
650,0.6729647602,1,0
651,0.6323777494,1,0
652,0.5690765322,1,0
653,0.5690765322,1,0
654,0.35952271869999997,0,0
655,0.7364356061,1,0
656,0.7364356061,1,0
657,0.5735697041,1,0
658,0.5735697041,0,0
659,0.535448782,0,0
660,0.6321942886999999,0,0
661,0.6672220648,1,0
662,0.6672220648,1,0
663,0.40911154450000004,1,0
664,0.5462667929999999,0,0
665,0.5462667929999999,0,0
666,0.7206189620000001,1,0
667,0.1147517776,0,0
668,0.1147517776,0,0
669,0.6012858162,0,0
670,0.25424222890000003,1,0
671,0.25424222890000003,1,0
672,1.2231990683,0,0
673,0.2573824333,1,0
674,0.2573824333,0,0
675,0.6171482143,1,0
676,0.5041846333,0,0
677,0.5041846333,0,0
678,0.49264932310000004,0,0
679,0.3157898867,1,0
680,0.4139077107,1,0
681,0.5795674604,0,0
682,0.9416233648000001,1,0
683,0.5185215173,1,1
684,0.5185215173,1,0
685,0.5948938989,1,0
686,0.5948938989,1,0
687,0.3859303098,0,0
688,0.46124875060000003,1,0
689,0.1593337249,0,0
690,0.7552914390000001,1,0
691,0.4649935421,0,0
692,0.40882009729999996,1,1
693,0.40882009729999996,0,0
694,0.33755406060000004,0,0
695,0.33755406060000004,1,0
696,0.6959164181,1,0
697,0.8795568531999999,0,0
698,0.8795568531999999,0,0
699,0.5283480375,1,0
700,0.558269579,1,0
701,0.558269579,1,0
702,0.9268013568000001,1,0
703,0.29707706370000003,0,0
704,0.6307728634,0,0
705,0.6307728634,0,0
706,0.24581647690000002,0,0
707,0.9195264258,1,0
708,0.7447982234,1,0
709,1.0447539640999999,1,0
710,0.6881896211,1,1
711,0.7363138954,1,0
712,0.7618505924,1,0
713,0.7618505924,0,0
714,0.8123715243,1,0
715,0.8256620066,0,0
716,0.6570050050999999,0,0
717,0.6570050050999999,0,0
718,0.8970066553,1,0
719,0.4675493266,0,0
720,0.6908167513,1,0
721,0.6908167513,1,0
722,0.18871886100000002,0,0
723,0.6237024677,1,0
724,0.7460781055,0,0
725,0.5861810411999999,0,0
726,0.5861810411999999,0,0
727,0.6820397797,1,0
728,0.7316208748999999,0,0
729,0.7316208748999999,0,0
730,0.8551412636,0,0
731,0.8551412636,1,0
732,0.5069042639,0,0
733,0.4160342288,1,0
734,0.5909356293,1,0
735,0.4210559458,1,0
736,0.7769461703,1,0
737,0.9754508369,1,0
738,0.7236595114,0,0
739,0.6545076078000001,1,0
740,0.6586927758,0,0
741,0.6586927758,0,0
742,0.5271266942,0,1
743,0.5271266942,0,0
744,0.5271266942,0,0
745,0.9643322209999999,0,0
746,0.233219929,1,0
747,0.5290792576,1,0
748,0.5290792576,1,0
749,0.7054229717,1,0
750,0.7820658523,1,0
751,0.7820658523,1,1
752,0.6320552463,1,0
753,0.45293904630000004,1,0
754,0.45293904630000004,1,0
755,0.5146000175,1,0
756,0.5146000175,1,0
757,0.4421859685,1,1
758,0.4421859685,1,1
759,0.33353954129999996,0,0
760,0.33353954129999996,1,0
761,0.3695052246,1,0
762,0.3695052246,1,0
763,0.0638610827,0,0
764,0.35873241060000005,0,0
765,0.4651604383,0,0
766,0.8990468282999999,1,0
767,0.3927543328,1,0
768,0.7533106929000001,1,0
769,0.15065814730000002,1,0
770,0.15065814730000002,0,0
771,0.3553896044,0,0
772,0.3553896044,0,0
773,0.46281682679999997,1,0
774,0.46281682679999997,1,0
775,0.1652449272,0,0
776,0.1652449272,1,0
777,0.5623504738,0,0
778,0.5480007505,0,0
779,0.5999234833,0,0
780,0.5999234833,0,0
781,0.8528744514,1,0
782,0.8528744514,1,0
783,0.8215474395,1,0
784,0.8215474395,1,0
785,0.8215474395,1,0
786,0.8215474395,1,0
787,0.9035717195,1,0
788,0.9035717195,1,0
789,0.98083201,1,0
790,0.7073723998,1,0
791,0.2478066694,1,0
792,0.2478066694,1,0
793,0.3520679418,0,0
794,0.3520679418,0,0
795,0.3520679418,0,0
796,0.5857630259000001,0,0
797,0.5857630259000001,1,0
798,0.1294409525,1,0
799,0.3243964527,1,0
800,0.0669352847,1,0
801,0.7336886344,1,0
802,0.7336886344,1,0
803,0.3251036452,0,0
804,0.8053623527,1,0
805,0.8053623527,1,0
806,0.7666066804,1,0
807,0.7911429709000001,0,0
808,0.6722270167000001,0,0
809,0.5458480479,0,0
810,0.5971483849,0,0
811,0.5971483849,0,0
812,0.5026654056000001,0,0
813,0.42048370450000006,1,0
814,0.5376837669,1,0
815,0.5610837371,1,0
816,1.0424487901000001,1,0
817,1.0424487901000001,1,0
818,0.1658606926,0,0
819,0.2697566929,1,0
820,0.5634255195000001,1,0
821,0.8953573604999999,1,0
822,0.3544126579,1,0
823,0.6641270423,0,0
824,0.5160773372999999,1,1
825,0.6767323051999999,0,0
826,1.9053741053,1,0
827,0.6899150720999999,1,0
828,0.6899150720999999,1,0
829,0.9666115414,1,1
830,0.45060892119999996,0,0
831,0.9177413887,1,0
832,0.9033467081000001,1,0
833,0.9243704806999999,1,0
834,0.7503823976,1,0
835,0.5781312583,0,0
836,0.3657224555,1,0
837,0.3657224555,1,0
838,0.6835853406,1,0
839,0.2058552189,1,0
840,0.5705895618,1,0
841,0.5705895618,1,0
842,0.5977768452000001,1,0
843,0.5977768452000001,1,0
844,0.6414727539,0,0
845,0.8013936914,1,0
846,0.8013936914,1,0
847,1.0094761029000001,1,0
848,0.9016273915,1,0
849,0.6763655311,1,0
850,0.6763655311,1,0
851,0.7640933190000001,0,0
852,0.581036099,1,0
853,0.73011141,1,0
854,0.73011141,1,0
855,1.3989097778,1,0
856,1.3989097778,1,1
857,0.5493944721,1,0
858,0.4995932075,1,0
859,0.4995932075,1,0
860,0.7930058193,0,0
861,0.7126320488,0,0
862,0.661251053,0,0
863,0.7524124287999999,1,0
864,0.2499837838,1,0
865,0.2499837838,1,0
866,0.3484574667,0,0
867,0.2337735929,0,1
868,0.2337735929,0,0
869,0.2337735929,0,0
870,0.6100511033,1,0
871,0.6100511033,1,0
872,0.4786250863,0,0
873,0.4786250863,0,0
874,0.69942969,0,0
875,0.4040801325,0,0
876,0.9958187514,1,0
877,0.19493521309999998,1,0
878,0.19493521309999998,0,0
879,0.7322263433,1,1
880,0.5718921095,0,0
881,0.7081558952,0,0
882,0.7081558952,0,0
883,0.6030026363000001,0,0
884,0.4355753143,0,0
885,0.4355753143,0,0
886,0.5561648059000001,1,0
887,0.7042753612,1,0
888,0.43470887950000003,1,0
889,0.43470887950000003,1,0
890,0.383859905,1,0
891,0.383859905,1,0
892,0.8588017074,1,0
893,0.8588017074,1,0
894,0.7579398205,0,0
895,0.7236017998000001,1,0
896,0.7236017998000001,0,0
897,0.2975045551,1,0
898,0.7269582193,1,0
899,1.0912698413,1,0
900,0.4096916723,0,0
901,0.6175888512,1,0
902,0.42487615689999997,0,0
903,1.0423637692,1,0
904,1.0423637692,1,0
905,0.9499806316,1,0
906,0.5982596554,0,0
907,0.5982596554,0,0
908,0.4870438575,1,0
909,0.5912730347999999,0,0
910,0.36976671829999996,1,0
911,0.49498605009999996,1,0
912,0.6792656232,0,1
913,0.5632828664,1,0
914,0.5632828664,1,0
915,0.8032702092,0,0
916,0.3837897903,0,0
917,0.8234560817000001,1,0
918,0.9859387923999999,1,0
919,0.4234386368,1,0
920,0.6199215113000001,0,0
921,0.6199215113000001,0,0
922,0.2924415937,0,0
923,0.226429081,0,1
924,0.226429081,1,0
925,0.226429081,1,1
926,0.226429081,1,0
927,0.3837688127,1,1
928,0.3837688127,0,0
929,0.8354200198999999,1,0
930,0.5661863454,1,0
931,0.1719197018,0,0
932,0.6043558469,1,0
933,0.8127611253,1,0
934,0.8127611253,1,0
935,1.7841159236000002,1,0
936,1.7841159236000002,1,0
937,0.6362046814,0,0
938,0.8995128801000001,1,0
939,0.9263282803,1,0
940,0.9263282803,1,0
941,0.44322423130000005,1,0
942,0.7604498784999999,1,0
943,1.2208111571,1,0
944,0.5733160412,1,1
945,0.5733160412,1,0
946,0.4886379393,1,0
947,0.7970348079999999,1,0
948,0.9335348779000001,1,0
949,0.53364988,0,0
950,0.53364988,0,0
951,0.4300838885,0,0
952,0.3155324014,0,0
953,0.3155324014,0,0
954,1.617917125,1,0
955,1.617917125,1,0
956,0.0525995069,1,0
957,0.6436274104999999,1,0
958,0.4440917215,1,0
959,0.4440917215,0,0
960,1.3088458937,0,0
961,0.6527630233,0,0
962,1.2041536177,1,0
963,0.8590670457999999,1,0
964,0.43561111280000003,1,0
965,0.43561111280000003,1,0
966,0.43561111280000003,1,0
967,0.7649519129000001,0,0
968,0.6297962387,1,1
969,0.6806084788,1,0
970,0.6806084788,0,0
971,0.1456316616,1,0
972,0.5127168269,1,1
973,0.5127168269,1,0
974,0.5127168269,1,0
975,0.6502536667000001,1,0
976,0.7610548345,0,0
977,0.9909434801000001,1,0
978,0.2253462908,1,1
979,0.3065056186,1,0
980,0.3065056186,1,0
981,0.7534500106,1,0
982,0.7534500106,1,0
983,0.7041334306999999,0,0
984,0.6681854078,1,0
985,0.6908536048,1,0
986,0.8005137227,1,0
987,0.93298925,1,0
988,1.023198089,1,0
989,0.5498264040999999,1,0
990,0.7493610781000001,0,0
991,0.7493610781000001,0,0
992,0.7493610781000001,0,0
993,0.7839829443999999,1,1
994,0.37150469420000004,0,0
995,0.6891426934,1,0
996,0.41177247170000003,0,0
997,0.7928983086,0,0
998,0.7928983086,1,0
999,0.7232852374,0,0
1000,0.7232852374,0,0
1001,0.7265043539,1,0
1002,0.7603990915000001,1,0
1003,0.6720793996,0,0
1004,0.7492206894,0,0
1005,0.6241571623,1,0
1006,0.9467820453,1,0
1007,0.8363875,0,0
1008,0.9034178674,0,0
1009,0.9034178674,0,0
1010,0.3991805292,1,0
1011,0.6594173106,1,0
1012,0.6594173106,1,0
1013,0.6260509065,1,0
1014,0.1241303972,0,0
1015,0.5732056788000001,0,0
1016,0.6918034654999999,0,0
1017,0.2931566017,0,0
1018,0.2931566017,0,0
1019,0.6271455453,1,1
1020,0.6271455453,1,0
1021,0.8921873647,1,0
1022,0.5376975319,0,0
1023,0.5159972435,1,0
1024,0.5159972435,0,0
1025,0.8829968645,1,0
1026,1.2468418890000001,0,0
1027,1.2468418890000001,1,0
1028,0.8312958901,1,0
1029,0.9938526641,0,0
1030,1.0413126315999999,1,0
1031,0.6309535363000001,1,0
1032,1.4533736037,1,0
1033,1.4533736037,1,0
1034,0.9001249184000001,0,0
1035,0.8151725662,0,0
1036,0.3884041101,1,0
1037,1.0020034717,0,0
1038,0.557236184,0,0
1039,0.557236184,0,0
1040,0.557236184,0,0
1041,0.6162110943,1,0
1042,0.6162110943,1,0
1043,0.130190791,1,0
1044,0.44653642619999995,0,0
1045,0.44653642619999995,0,0
1046,1.1088693122,1,0
1047,1.1088693122,1,0
1048,0.8176997029,1,0
1049,0.2952247047,1,0
1050,0.4738748057,0,0
1051,0.6292656595,1,0
1052,0.6292656595,0,0
1053,0.4819941621,0,0
1054,0.4819941621,0,0
1055,0.6413037618999999,0,0
1056,0.6413037618999999,0,0
1057,1.0000477366,1,0
1058,0.43337539909999995,1,1
1059,0.43337539909999995,1,1
1060,0.43337539909999995,1,0
1061,0.43337539909999995,1,0
1062,0.6586992202,1,0
1063,0.8446920111,1,0
1064,1.0162228973,1,0
1065,1.0162228973,1,0
1066,0.9017189381,1,0
1067,0.5962057774,1,0
1068,0.376587024,0,0
1069,1.2065783673000001,1,0
1070,1.2065783673000001,1,0
1071,0.4413992389,1,0
1072,1.0962199846,1,0
1073,1.0962199846,1,0
1074,1.0076064304,1,0
1075,0.7855335111,0,0
1076,0.9475039234,0,0
1077,0.7571382069,1,0
1078,0.7156435269,1,0
1079,0.8984634035,0,0
1080,0.2762899782,1,0
1081,1.3916986378,0,0
1082,1.3916986378,1,0
1083,1.3916986378,1,0
1084,0.9892518029,1,0
1085,0.0725674241,0,0
1086,0.7590764094,1,0
1087,0.9520472718,1,1
1088,0.9520472718,1,1
1089,0.9520472718,1,0
1090,1.9795274255000002,1,1
1091,1.9795274255000002,1,0
1092,1.3135459999999999,1,0
1093,1.3135459999999999,1,0
1094,1.3135459999999999,0,0
1095,1.0436630117,1,1
1096,0.5891935683,0,0
1097,0.5891935683,0,0
1098,0.7791504968999999,1,0
1099,0.8106559556999999,1,0
1100,1.3442832199,1,1
1101,1.3442832199,1,0
1102,1.3442832199,1,1
1103,0.5692327158,1,0
1104,0.5692327158,1,0
1105,0.430536708,0,0
1106,0.430536708,0,0
1107,0.9235484389,1,1
1108,0.9235484389,1,0
1109,0.9235484389,1,0
1110,0.9235484389,1,0
1111,0.6965653979,1,0
1112,0.8676596490999999,1,0
1113,0.8676596490999999,1,0
1114,1.0097452717,0,0
1115,0.3163594,1,0
1116,0.7794809029,0,0
1117,0.7794809029,0,0
1118,0.5420065666,0,0
1119,0.8832346418000001,1,0
1120,0.5981730804,0,0
1121,0.21368793100000003,1,0
1122,0.21368793100000003,0,0
1123,1.0472706447,1,0
1124,0.8280430513,0,0
1125,0.1776075719,0,0
1126,1.0317351347,1,0
1127,0.8797060641,1,0
1128,0.8085724881999999,1,0
1129,0.7439600187000001,1,0
1130,0.7439600187000001,1,0
1131,0.2795326201,0,0
1132,0.9323161659999999,1,0
1133,0.9589649690000001,1,0
1134,0.42070851369999995,1,0
1135,0.42070851369999995,1,0
1136,0.6016706696,1,0
1137,0.8821953456,1,0
1138,0.6465804354,1,0
1139,0.6253566327000001,1,0
1140,0.9331969739,1,0
1141,0.9331969739,1,0
1142,0.606873536,1,0
1143,0.8138941275,1,0
1144,0.8138941275,1,0
1145,1.1872451772,1,0
1146,0.20431912649999998,0,0
1147,0.45539074350000003,0,0
1148,0.45539074350000003,1,0
1149,0.45539074350000003,1,0
1150,0.7624410744,0,0
1151,0.7296556714,0,0
1152,0.5893517058,1,0
1153,0.9218544458,1,0
1154,0.6471974617,1,0
1155,0.04504774809999999,0,0
1156,0.6184983811,1,1
1157,1.2859314483,0,0
1158,0.8093294318,1,0
1159,0.6715325294,1,0
1160,0.746132418,1,0
1161,0.9834902756,1,0
1162,0.9834902756,1,0
1163,0.9834902756,1,0
1164,0.7557497270999999,1,0
1165,0.9747698008,1,0
1166,0.7554320226000001,1,0
1167,0.6870238446,0,0
1168,0.6635874453,1,0
1169,0.2859733505,0,0
1170,0.6007235393,0,0
1171,1.0261200717,1,0
1172,0.3999219557,0,0
1173,0.8864348904000001,1,0
1174,0.8003723669,1,0
1175,0.7088889477,1,0
1176,0.1583774608,1,0
1177,0.1583774608,0,1
1178,1.1286180000000001,1,0
1179,0.8760728433,1,0
1180,0.6756824329000001,1,0
1181,0.4893197696,1,0
1182,0.660492541,1,0
1183,0.660492541,1,0
1184,0.9625160828,1,0
1185,0.9625160828,1,0
1186,0.9625160828,0,0
1187,0.891513615,1,0
1188,0.891513615,1,0
1189,0.7413416962999999,1,0
1190,0.7413416962999999,1,0
1191,0.9675717944,1,0
1192,0.9747111167,1,0
1193,0.9747111167,1,1
1194,0.9747111167,1,0
1195,0.9747111167,1,1
1196,0.6025457035,1,0
1197,0.39684560609999997,1,0
1198,0.8512627599,1,0
1199,0.8512627599,0,0
1200,0.8512627599,1,0
1201,0.7092314902,1,0
1202,1.1051582497,1,0
1203,0.9014426095999999,0,0
1204,0.9014426095999999,0,0
1205,0.5049379543,1,0
1206,0.39830680490000003,1,0
1207,0.39830680490000003,1,1
1208,0.8962065625,1,0
1209,0.9742748661,1,0
1210,0.8173094181,1,0
1211,0.419803345,1,1
1212,0.9766931931999999,1,0
1213,0.8326657195999999,1,1
1214,0.7560452467000001,0,0
1215,0.7173897593999999,0,0
1216,0.7173897593999999,1,0
1217,0.7173897593999999,0,0
1218,0.7538372070999999,1,0
1219,0.8129779390999999,0,0
1220,0.8152777192,1,0
1221,0.3125415363,1,0
1222,0.3125415363,1,1
1223,0.3125415363,1,1
1224,0.140132742,1,0
1225,0.140132742,1,0
1226,0.767599444,1,1
1227,0.767599444,1,0
1228,0.5927289076,1,0
1229,0.5927289076,1,0
1230,0.5927289076,1,0
1231,0.4226554608,0,0
1232,0.7885580068000001,0,0
1233,0.7885580068000001,0,0
1234,0.5505865429,1,1
1235,0.5505865429,1,0
1236,0.5314885836,1,0
1237,0.5314885836,0,0
1238,0.6773066159000001,0,0
1239,0.6773066159000001,0,0
1240,0.7934416551000001,1,0
1241,0.0646228187,0,0
1242,0.6294301708,0,1
1243,0.6294301708,0,0
1244,0.6294301708,0,0
1245,0.7487048626999999,1,0
1246,0.7487048626999999,1,0
1247,0.6331708860999999,1,0
1248,0.6331708860999999,0,0
1249,0.7601769831999999,0,0
1250,0.7601769831999999,0,0
1251,0.1268279134,0,0
1252,0.9520961914,1,0
1253,0.7403778834,1,0
1254,0.7403778834,1,0
1255,0.5628617891,1,0
1256,0.5628617891,1,1
1257,0.6731356586,1,0
1258,0.6855981434,0,0
1259,0.7449898198,0,0
1260,0.7929883690999999,0,0
1261,0.6683653961,0,0
1262,0.5897692882,1,1
1263,0.5897692882,1,1
1264,0.4411525772,0,1
1265,1.0144283131999998,1,0
1266,0.8682682965,1,1
1267,0.6274900799,1,0
1268,0.6274900799,1,0
1269,0.6183334613,0,0
1270,0.4762292278,1,1
1271,0.8668725,1,0
1272,0.8280847190999999,0,0
1273,0.46844156200000003,0,0
1274,0.8116910377,1,0
1275,0.8998321514000001,1,0
1276,0.8998321514000001,0,0
1277,0.8998321514000001,0,0
1278,0.8703212281,1,1
1279,0.8703212281,1,1
1280,0.9533406146,1,0
1281,0.9533406146,0,0
1282,0.9533406146,1,0
1283,0.9590577074,0,0
1284,0.9590577074,0,1
1285,0.9590577074,1,1
1286,0.9590577074,1,1
1287,0.6497473306,1,0
1288,0.8382735986,1,0
1289,0.40480753420000004,1,1
1290,0.8772346311,1,0
1291,0.6303644832,1,0
1292,0.37342585380000004,1,0
1293,0.37342585380000004,1,1
1294,1.7127261176,1,0
1295,1.7127261176,1,0
1296,1.6164583333000002,1,0
1297,1.5374341473,1,0
1298,1.5374341473,1,0
1299,0.8227408695999999,1,0
1300,0.6717686667,0,0
1301,0.298895751,0,0
1302,0.8045616429000001,0,0
1303,0.4335370725,1,0
1304,0.4335370725,1,0
1305,0.1542832451,0,0
1306,0.9118991415000001,1,0
1307,0.9118991415000001,1,0
1308,0.4789464392,1,0
1309,0.1551700033,0,0
1310,0.7534491566,0,0
1311,1.1891517293,1,0
1312,0.8739953256999999,1,0
1313,1.088084,1,0
1314,0.7813250931,1,0
1315,0.7813250931,1,0
1316,0.3119021487,1,0
1317,0.25028882280000003,1,0
1318,1.0459743333,1,0
1319,1.0459743333,1,1
1320,1.1242816262,1,0
1321,0.7367991449,0,0
1322,1.1177330437000002,1,1
1323,0.3885505305,0,0
1324,0.3885505305,1,0
1325,0.6933066789,1,1
1326,0.6933066789,1,1
1327,0.6933066789,1,1
1328,0.8357412524,1,0
1329,0.6941453244,0,0
1330,0.7914277826999999,1,0
1331,0.6404781565,1,0
1332,1.2810046883,1,0
1333,0.5579572276,0,0
1334,1.2060421295000001,1,1
1335,1.2060421295000001,1,0
1336,1.2060421295000001,1,1
1337,1.2060421295000001,1,0
1338,1.2060421295000001,1,1
1339,1.1079389405,1,0
1340,0.8686680817,1,0
1341,0.8901525801000001,1,0
1342,1.0691369532,1,0
1343,0.5563473673,0,0
1344,0.71419625,1,0
1345,0.71419625,1,0
1346,0.26691452449999997,1,0
1347,0.5720523354,1,0
1348,1.1266240707,1,0
1349,0.3985147325,1,1
1350,1.1174263501000001,1,0
1351,1.0651059999999999,0,0
1352,0.822297437,1,0
1353,0.8059946533,1,0
1354,0.8059946533,1,0
1355,0.7346869198,1,0
1356,0.6355096423,1,0
1357,0.8963345666,1,0
1358,0.8963345666,0,0
1359,0.7917834873999999,1,0
1360,0.9878350675,0,0
1361,0.7463812459,1,0
1362,0.9606022844,1,0
1363,1.7896024348,0,1
1364,0.8154926855,1,0
1365,0.8154926855,1,0
1366,0.7373467186,1,0
1367,0.6308552381,0,0
1368,0.6308552381,0,0
1369,1.2278926531,1,0
1370,0.6980476804000001,0,0
1371,0.6980476804000001,1,0
1372,0.4871653129,1,1
1373,0.5545807953,1,1
1374,0.5545807953,1,0
1375,0.8050955874,1,0
1376,0.8050955874,1,0
1377,0.8050955874,1,0
1378,0.9952460362000001,1,0
1379,0.8384549967,0,0
1380,0.6599273677,1,0
1381,0.6599273677,1,1
1382,0.9038729847,1,0
1383,0.9038729847,1,0
1384,0.6613820613,1,0
1385,0.6613820613,1,0
1386,0.6613820613,1,0
1387,0.7271778637,0,0
1388,0.570245249,0,0
1389,0.49762867850000003,1,1
1390,0.6661189854999999,1,1
1391,0.4577999389,1,0
1392,0.8851572995,1,0
1393,1.0661466964,1,0
1394,1.0440072778,0,0
1395,1.068830978,1,0
1396,0.4079304702,1,1
1397,0.4079304702,0,1
1398,1.1569471398,1,0
1399,1.3071481111,1,0
1400,1.2164346154,1,0
1401,1.2164346154,1,0
1402,0.8444517698999999,0,0
1403,0.8945373258,0,0
1404,0.7305637118000001,1,0
1405,0.7305637118000001,1,1
1406,0.7305637118000001,1,1
1407,0.9301003717,1,0
1408,0.8662672836,1,0
1409,0.7935223375,1,0
1410,1.0961821589,1,0
1411,1.0776954207,1,0
1412,0.9149157515,1,0
1413,0.895851466,1,0
1414,1.5167102,1,0
1415,0.8121542506999999,1,0
1416,1.2973765504,1,0
1417,0.6696449923,1,0
1418,0.7529996529999999,0,0
1419,0.7529996529999999,1,0
1420,0.25680898620000003,1,0
1421,0.3861833326,0,0
1422,0.867620684,1,0
1423,0.5662756662,1,0
1424,0.6101632014,1,0
1425,0.6101632014,0,0
1426,1.0580982468,1,0
1427,0.8976600958,1,0
1428,1.0914118687,0,0
1429,1.0914118687,0,0
1430,0.8758102362000001,1,0
1431,0.9185962347,1,1
1432,1.2499686755,1,0
1433,0.7983040277,1,1
1434,0.7983040277,1,1
1435,0.7983040277,1,1
1436,0.7983040277,1,1
1437,0.29751036129999997,1,0
1438,0.5116783731,1,0
1439,1.1354255883,1,0
1440,1.1354255883,1,0
1441,0.9249911026000001,1,0
1442,0.9103477557999999,1,0
1443,0.9167290672,0,0
1444,0.9167290672,1,0
1445,0.7168964603,0,0
1446,0.7168964603,0,0
1447,0.3152446382,0,0
1448,0.3152446382,0,0
1449,0.9462496929,1,0
1450,1.0835923176,1,0
1451,1.0835923176,1,0
1452,1.0835923176,1,0
1453,0.47869699810000005,1,0
1454,0.47869699810000005,1,0
1455,1.0281041303,1,0
1456,0.726532491,1,0
1457,1.0040839703,1,0
1458,1.0040839703,1,0
1459,1.257098068,1,0
1460,0.8534376014,1,0
1461,0.8534376014,1,0
1462,0.8534376014,1,1
1463,0.8534376014,1,0
1464,0.17759687440000002,0,0
1465,0.12477232699999999,1,0
1466,0.8764713499,1,0
1467,1.1790507658,1,0
1468,0.7709475814,0,0
1469,0.6893959201000001,1,0
1470,0.9029938220999999,1,0
1471,0.5222515576,1,0
1472,0.5222515576,1,0
1473,0.9786878363,0,0
1474,0.8628754723000001,1,0
1475,0.9030370924,1,0
1476,0.9030370924,1,1
1477,0.8000553079,1,0
1478,0.8000553079,1,0
1479,1.1713452669,1,0
1480,0.7537894355,1,0
1481,0.9006253679,1,0
1482,0.510303352,1,0
1483,0.510303352,1,0
1484,0.510303352,1,0
1485,0.3371254326,1,1
1486,0.3371254326,0,0
1487,0.8552714063,1,0
1488,0.8552714063,0,1
1489,1.2966807794,0,0
1490,0.6503338322,1,0
1491,0.8498382111,0,0
1492,0.513185172,1,0
1493,0.8608289432999999,1,0
1494,1.3740680243999999,1,0
1495,0.5706053936,0,0
1496,0.7398280570999999,0,0
1497,0.7654850053,0,0
1498,0.8634102564,1,0
1499,0.7075449653,1,0
1500,0.550032637,1,0
1501,0.8016808140999999,1,0
1502,0.7697062212000001,1,0
1503,1.0785327387,0,0
1504,1.0785327387,1,0
1505,0.8697522045,1,0
1506,0.7719020802,0,0
1507,0.7397951545,1,1
1508,0.9779206502,1,0
1509,0.7821271067,1,0
1510,0.324737408,1,0
1511,0.324737408,1,0
1512,1.1046632278,1,0
1513,1.1046632278,1,0
1514,0.831556265,1,0
1515,1.1480512708,1,1
1516,1.1480512708,1,0
1517,0.44628615299999996,1,0
1518,0.44628615299999996,1,0
1519,0.9289388993000001,1,0
1520,0.42919752969999997,1,0
1521,0.9342432054,1,0
1522,0.855815372,1,0
1523,0.855815372,1,0
1524,0.7371215063,0,0
1525,0.7371215063,0,0
1526,0.846853112,1,0
1527,0.846853112,1,0
1528,0.846853112,1,0
1529,0.8597271379000001,0,1
1530,1.033444665,1,0
1531,1.1673732479,1,0
1532,0.9710681129000001,1,0
1533,1.1187258248,1,0
1534,1.3772306887999999,1,0
1535,1.044008711,1,0
1536,1.0960217325,1,0
1537,1.0632621102,1,0
1538,0.6475006189,1,0
1539,0.6475006189,1,0
1540,0.5995629371,0,0
1541,1.0247579933,1,0
1542,0.865084145,1,0
1543,0.6597257865,0,0
1544,0.6597257865,0,0
1545,0.9752653,1,0
1546,1.1427378807,1,0
1547,1.1427378807,1,1
1548,0.183014032,0,0
1549,0.1935542913,1,0
1550,1.3501206139,1,0
1551,0.4849053262,0,0
1552,0.0908549466,1,0
1553,0.707893228,1,0
1554,0.124901635,1,0
1555,0.124901635,1,0
1556,0.1976978228,1,1
1557,0.7323654286,1,0
1558,0.6598256243999999,1,1
1559,0.6598256243999999,1,0
1560,0.8203231420999999,1,0
1561,0.7033318773999999,1,0
1562,0.7033318773999999,1,0
1563,0.4067688732,0,0
1564,0.4067688732,0,0
1565,1.0335169821999999,1,0
1566,0.8591408384,1,0
1567,0.3754967951,1,0
1568,0.3754967951,1,0
1569,1.1688090737,1,0
1570,0.9275479549,1,0
1571,1.0090555152,1,1
1572,0.5244995333,1,0
1573,0.7921695775,0,0
1574,0.7061562722,1,0
1575,0.7061562722,1,0
1576,1.0213355045,1,1
1577,1.2139063645000001,1,0
1578,1.2139063645000001,1,0
1579,0.6019079974,1,0
1580,0.6019079974,1,0
1581,0.6820163825,1,0
1582,0.6820163825,1,0
1583,0.8195234784000001,0,0
1584,0.4376851683,1,0
1585,0.23634975379999998,0,0
1586,1.4558936000000002,1,0
1587,0.8311960328,1,0
1588,0.7374648693000001,0,0
1589,0.7374648693000001,1,0
1590,1.0524125259000001,1,0
1591,0.6515919369,0,0
1592,1.3326436619,1,0
1593,1.3326436619,1,0
1594,1.0804372535,1,0
1595,0.8785567495000001,1,0
1596,0.9140004851000001,1,0
1597,0.9140004851000001,0,0
1598,1.2143617565,1,1
1599,1.6448485287,1,0
1600,0.5487304036,1,0
1601,0.8939846239,1,0
1602,1.2503953684,1,0
1603,1.2503953684,1,0
1604,0.8571980572,1,0
1605,0.8654782868,1,0
1606,0.8654782868,1,1
1607,0.1950292239,1,0
1608,0.1950292239,1,0
1609,1.7360223944,1,0
1610,1.0919181062999999,1,0
1611,1.0919181062999999,1,0
1612,0.8543852926000001,0,0
1613,0.7826046523000001,1,0
1614,0.3132804952,0,0
1615,0.8511394775,1,0
1616,1.9478438333,1,0
1617,1.0539929465,0,0
1618,0.424127871,1,1
1619,0.7680131045999999,1,0
1620,0.7744842592,1,0
1621,0.7744842592,1,1
1622,0.9842575134,1,0
1623,0.7992206961,0,0
1624,0.5909974178,1,0
1625,0.8329043514,1,0
1626,0.8329043514,1,0
1627,1.1358683571,1,0
1628,0.7433010307,1,0
1629,1.1199507975,1,0
1630,1.4514770878999999,1,0
1631,1.1687773662999998,1,0
1632,1.1560429142,1,0
1633,0.9542964233,1,0
1634,0.4177419578,1,0
1635,0.787148229,1,1
1636,0.6140561072999999,0,0
1637,0.8443814679,1,0
1638,0.2375875707,0,0
1639,0.8055498417,1,0
1640,1.1586335373999999,1,0
1641,1.3442332422,1,0
1642,0.7880208678,0,0
1643,0.7880208678,1,0
1644,0.9485855492,1,0
1645,1.2007768627,1,0
1646,1.2007768627,1,0
1647,1.2007768627,1,0
1648,1.2007768627,1,0
1649,0.9532678742,1,0
1650,0.8986178683,1,0
1651,1.205880125,1,0
1652,1.0800711662,1,0
1653,0.35358716409999996,1,0
1654,0.35358716409999996,1,0
1655,1.5131457081,1,0
1656,1.5131457081,1,0
1657,0.6272557994,0,0
1658,1.0184629836,1,0
1659,1.0379293348,1,0
1660,0.9266731159,1,0
1661,0.7185841709999999,0,0
1662,1.0037733681,1,0
1663,1.018553856,0,0
1664,0.9322151815,1,0
1665,1.3125960712,1,0
1666,0.5712137214999999,0,0
1667,0.5712137214999999,1,0
1668,0.7473279581000001,1,0
1669,0.7473279581000001,0,0
1670,0.4418609759,1,0
1671,0.4418609759,1,0
1672,1.075405884,1,0
1673,1.0430979362000001,1,0
1674,0.9368941856,1,0
1675,0.9368941856,1,0
1676,0.9368941856,1,0
1677,1.0100781481,1,0
1678,1.1954055406,1,0
1679,1.1954055406,0,0
1680,0.7592549285,1,0
1681,0.32698357829999997,1,0
1682,0.32698357829999997,1,0
1683,0.9276986898,0,0
1684,1.0356669748,1,1
1685,0.8066006242,1,0
1686,0.8066006242,1,0
1687,0.8066006242,1,0
1688,0.9615184456999999,1,0
1689,1.2125000637,1,0
1690,1.5405106896,1,0
1691,1.4945464330000002,1,0
1692,1.5452859234,1,0
1693,1.5452859234,1,0
1694,0.8400088448,1,0
1695,0.8561388934999999,0,0
1696,0.2091962386,1,1
1697,0.6248658471999999,1,0
1698,0.4613055756,0,0
1699,0.8560014642,1,0
1700,0.8152974783,1,0
1701,0.9216376694,1,0
1702,0.5262546567,0,0
1703,1.0726817,1,0
1704,1.0726817,1,0
1705,0.652836866,1,0
1706,0.8662360925,1,0
1707,0.7369708974,0,0
1708,0.7369708974,0,0
1709,0.8584099948999999,1,0
1710,0.8584099948999999,1,0
1711,1.0195312017,1,1
1712,1.0195312017,1,0
1713,1.2113151553000001,1,0
1714,0.8157978856,1,0
1715,0.1713828877,0,1
1716,0.8309273745999999,1,0
1717,0.8102205291,1,0
1718,1.7397572545,1,0
1719,0.7006562559999999,1,0
1720,0.7006562559999999,1,0
1721,0.8929408513,1,0
1722,0.8929408513,1,0
1723,0.8368647667,1,0
1724,0.6702154897,0,0
1725,0.6702154897,0,0
1726,1.2712040103,1,0
1727,1.2712040103,1,0
1728,1.2646373086,1,0
1729,1.0802348548,1,0
1730,1.4871377778000001,1,0
1731,0.2630091792,1,0
1732,0.2630091792,0,0
1733,1.1933866000000002,1,0
1734,0.0474438778,1,1
1735,0.9616078805,1,0
1736,0.7990268365000001,0,0
1737,1.1135464397,1,0
1738,0.8715216170000001,1,0
1739,0.8684297945999999,1,0
1740,0.8684297945999999,0,0
1741,0.2224158939,1,0
1742,0.2224158939,1,1
1743,0.6711144965000001,1,0
1744,0.6882483333,0,0
1745,0.6901793678,0,0
1746,0.9648037859,1,0
1747,0.9648037859,1,0
1748,0.7774088427,0,0
1749,0.6092765632,1,0
1750,0.3388757768,1,0
1751,0.3388757768,0,0
1752,0.8027790278,1,0
1753,0.8027790278,0,0
1754,0.8605819763,1,0
1755,0.9154350868000001,0,0
1756,1.2118171892,1,0
1757,1.2118171892,1,0
1758,1.2118171892,1,1
1759,1.2118171892,1,1
1760,0.6266437925,1,0
1761,0.6266437925,1,0
1762,0.6266437925,1,1
1763,1.0439913867,1,0
1764,1.0439913867,1,0
1765,0.6949945474,1,0
1766,0.8976660682,1,0
1767,1.223701706,1,0
1768,0.848983842,1,0
1769,0.8837455404000001,0,0
1770,1.2723322022,1,0
1771,1.210151756,1,0
1772,1.210151756,1,1
1773,0.4639298196,1,0
1774,0.4639298196,1,0
1775,1.1636304403,1,0
1776,0.8683967629000001,0,0
1777,0.9210839570999999,1,0
1778,0.9743783607,1,0
1779,1.4689502999000001,1,0
1780,1.0221826263,1,0
1781,1.0221826263,1,0
1782,0.8496433729,1,0
1783,0.7445041081,1,0
1784,0.2920169602,1,0
1785,0.975297505,1,0
1786,0.8973132917000001,1,0
1787,0.8163522111,0,0
1788,0.459540921,0,0
1789,1.2308070638,1,0
1790,1.2308070638,1,0
1791,1.2308070638,1,0
1792,1.2273213106,1,0
1793,1.2273213106,1,0
1794,1.0545946035,1,0
1795,1.0545946035,1,0
1796,1.4143272636000002,1,0
1797,0.8688515844,1,0
1798,0.7939551816,1,0
1799,0.36985678479999995,1,1
1800,0.3363813883,1,0
1801,0.3363813883,1,0
1802,0.9600037879000001,1,0
1803,0.9600037879000001,1,0
1804,1.1623053361,1,0
1805,0.6895669476,1,0
1806,0.6895669476,1,0
1807,0.9169500347,1,0
1808,0.5067175609000001,0,0
1809,0.5067175609000001,0,0
1810,0.433731827,0,0
1811,0.6895459706999999,1,0
1812,0.6895459706999999,1,0
1813,0.7699052092,0,0
1814,0.7568372983,1,0
1815,0.7568372983,1,0
1816,0.7568372983,1,0
1817,0.7568372983,0,0
1818,1.2782458597,1,0
1819,1.2782458597,0,0
1820,0.6126134488,1,0
1821,1.2518618056,1,0
1822,0.7134393697,1,0
1823,0.1299665092,0,0
1824,0.7790072616,1,0
1825,0.7790072616,1,0
1826,0.6983637631999999,1,1
1827,0.9508942833,1,0
1828,1.0267744005,1,0
1829,0.5202592799,1,0
1830,0.5202592799,1,0
1831,0.9547760037999999,1,0
1832,0.6155568232,1,0
1833,0.7798775445999999,1,0
1834,0.7798775445999999,1,0
1835,1.4873232322999999,1,1
1836,1.4873232322999999,1,0
1837,0.6497329897,1,0
1838,0.774252818,1,0
1839,1.3156107044,1,0
1840,0.4598132138,1,1
1841,0.4598132138,1,1
1842,1.1296851818,1,0
1843,1.1296851818,1,0
1844,0.3267115373,1,0
1845,1.2584726482,1,0
1846,1.2584726482,1,0
1847,0.9383447641,1,0
1848,0.9383447641,1,0
1849,0.2312193038,1,0
1850,0.9900191898,0,0
1851,0.9900191898,0,0
1852,0.31269229579999996,0,0
1853,0.8963107664,1,0
1854,0.8450246939,1,1
1855,0.5880510924,1,0
1856,0.8257158087,1,0
1857,0.8257158087,1,0
1858,0.9661726904000001,1,0
1859,1.053188666,1,0
1860,1.053188666,0,0
1861,1.053188666,1,0
1862,0.7908566928,1,0
1863,0.4341265525,0,1
1864,1.0770020393000002,1,0
1865,1.0495933333,1,0
1866,0.5025808561999999,0,0
1867,1.6324413333,1,1
1868,0.9681550962000001,1,0
1869,0.9681550962000001,1,0
1870,0.862899375,1,0
1871,1.0060242766,1,0
1872,0.30371669030000004,1,0
1873,0.7827508920999999,1,0
1874,0.7827508920999999,1,0
1875,1.3012541554000001,1,0
1876,0.9343706756,1,0
1877,0.7854525696,1,0
1878,1.4692254362000001,1,0
1879,1.4692254362000001,1,0
1880,0.5592138049,0,0
1881,1.0957576194,1,0
1882,1.0038723809999999,1,0
1883,1.012620786,1,0
1884,1.012620786,1,0
1885,0.8392926352,0,0
1886,0.4718388492,1,0
1887,0.8632598777,1,0
1888,0.7284204142,0,0
1889,0.9991051454000001,1,0
1890,0.8969471464,1,0
1891,1.0341652778000001,1,0
1892,1.0565794624,1,0
1893,1.0565794624,1,0
1894,1.0565794624,1,0
1895,1.0565794624,0,0
1896,0.38975479539999996,0,0
1897,1.0867068321,1,0
1898,1.0867068321,1,0
1899,1.0867068321,1,0
1900,1.0867068321,1,0
1901,0.5874299988,1,1
1902,0.5874299988,0,1
1903,0.8106901162000001,1,0
1904,1.1459680284,1,0
1905,0.9402731628000001,1,1
1906,1.2300686108,1,0
1907,0.8469716256,1,0
1908,0.8469716256,0,0
1909,1.1042547409999999,1,0
1910,1.1042547409999999,1,0
1911,0.9801167159999999,1,0
1912,0.9029752231,1,0
1913,0.9029752231,1,0
1914,1.3921065857,1,0
1915,1.3921065857,1,0
1916,0.7033525579000001,1,1
1917,0.9439461298999999,1,0
1918,0.6067636256000001,0,0
1919,0.9658479747,1,0
1920,1.2761643049,1,0
1921,0.9871714285,0,0
1922,0.9871714285,0,0
1923,0.8667881479,0,0
1924,1.0414796393,1,0
1925,0.8418120311,1,0
1926,0.897633383,1,0
1927,0.897633383,1,0
1928,0.3645859939,0,0
1929,0.06204431269999999,0,0
1930,1.2677051255,1,0
1931,0.913987927,1,0
1932,0.33517916670000003,0,0
1933,0.33517916670000003,0,0
1934,0.7086774545000001,1,0
1935,0.7086774545000001,0,0
1936,1.2586276233,1,0
1937,1.2586276233,1,0
1938,0.5757499306,1,1
1939,0.5757499306,1,1
1940,0.9650469412,1,0
1941,0.9650469412,1,0
1942,0.9029107082,1,0
1943,0.9029107082,1,0
1944,1.06652144,1,0
1945,0.49230757280000004,0,0
1946,0.49230757280000004,1,0
1947,0.49230757280000004,1,1
1948,1.0280817931,1,0
1949,1.0280817931,1,0
1950,0.4311548539,0,0
1951,0.4311548539,0,0
1952,0.4311548539,0,0
1953,0.4311548539,1,0
1954,0.9364151796,1,0
1955,0.9364151796,1,0
1956,0.289582085,1,0
1957,0.2332742857,0,0
1958,1.3749452459,1,0
1959,1.2217104286,1,0
1960,1.2217104286,1,0
1961,0.8395261609,1,0
1962,0.8395261609,1,1
1963,1.4211047159999999,1,0
1964,0.79235432,0,0
1965,1.1086686835,1,0
1966,1.1086686835,1,0
1967,1.9566351000000002,1,0
1968,1.9566351000000002,1,0
1969,0.8109278003,0,0
1970,0.8109278003,0,0
1971,0.9079790034999999,1,0
1972,0.3756534463,0,0
1973,0.8675861688,1,0
1974,0.3269206785,0,0
1975,0.3269206785,0,0
1976,1.5090944262000001,1,0
1977,0.5695273018,1,0
1978,1.17208975,1,0
1979,0.2042415521,0,0
1980,0.4339080023,0,0
1981,0.4339080023,0,0
1982,0.42178596770000004,1,0
1983,0.42178596770000004,1,0
1984,1.3234721293,1,0
1985,1.6667546667,1,0
1986,1.6667546667,1,0
1987,1.2446070331,1,0
1988,0.6332973315,1,0
1989,1.3133283922,1,0
1990,1.0857142857,1,0
1991,1.0857142857,1,0
1992,0.9950918016,1,0
1993,0.5596325128,0,0
1994,0.5596325128,0,0
1995,0.5596325128,0,0
1996,0.9365722704999999,1,0
1997,0.9756846728,1,0
1998,1.2857787962,1,0
1999,0.8658090311,1,0
2000,1.0107534483,1,0
2001,1.2140753252,1,1
2002,0.7289340906999999,0,0
2003,0.6715083944,0,0
2004,0.6715083944,0,0
2005,0.5103380871000001,1,0
2006,0.5103380871000001,1,0
2007,0.6401135481,0,0
2008,0.6401135481,1,0
2009,0.1583409664,1,0
2010,0.1583409664,1,1
2011,0.9755186317,1,0
2012,0.9720509112000001,1,0
2013,0.9720509112000001,1,0
2014,0.8981999739000001,1,0
2015,1.2838640301000002,1,0
2016,1.0195797106,1,1
2017,0.36675652740000003,1,0
2018,0.36675652740000003,1,0
2019,0.9521660108,1,0
2020,1.280608,1,0
2021,1.280608,1,0
2022,0.8437223589,0,0
2023,1.0851023706,1,0
2024,0.9267841682,1,1
2025,0.9713303018,1,0
2026,0.7246238167,1,1
2027,0.7246238167,1,0
2028,0.9392884793,0,0
2029,0.9392884793,1,0
2030,0.9669535624,1,1
2031,1.10404544,1,0
2032,0.6236764637,1,0
2033,0.965962456,1,0
2034,0.8342130848999999,1,0
2035,0.9625077419,1,0
2036,1.1174399785,1,0
2037,0.8017669829999999,1,1
2038,0.8017669829999999,1,1
2039,1.2781618519,1,0
2040,1.3820229565,1,0
2041,1.3820229565,1,0
2042,0.7574533312,1,0
2043,0.9597443609,1,0
2044,0.665373829,1,0
2045,0.665373829,1,0
2046,1.1708661679999999,1,0
2047,1.1708661679999999,1,1
2048,1.9714063768,1,0
2049,1.9714063768,1,0
2050,1.9714063768,1,1
2051,1.9714063768,1,1
2052,0.9601879012000001,1,0
2053,1.0689718938,1,1
2054,1.0689718938,1,1
2055,1.0980516771,1,1
2056,1.0477712593000001,1,0
2057,1.0477712593000001,0,0
2058,1.1844427418,1,0
2059,1.1426062494,1,0
2060,0.9658706426000001,1,0
2061,0.7249421222,1,1
2062,1.1394238824,1,0
2063,1.9840649371,1,0
2064,1.1857268049,1,0
2065,0.9697701626,1,0
2066,1.8117889091,1,0
2067,1.8117889091,1,0
2068,0.8606138524,1,0
2069,0.8606138524,1,0
2070,0.9276668484,1,1
2071,0.9880002882,1,0
2072,0.9880002882,1,0
2073,0.9880002882,1,0
2074,1.282985731,1,0
2075,1.1456427059,1,0
2076,0.969572008,1,0
2077,0.969572008,0,0
2078,1.2144378603000001,1,0
2079,1.3199608725,1,0
2080,0.9703799086,1,0
2081,1.27930725,1,1
2082,1.27930725,1,0
2083,1.27930725,1,1
2084,1.27930725,1,1
2085,1.037459375,1,0
2086,1.037459375,1,1
2087,1.037459375,1,0
2088,1.0647265362,1,0
2089,1.0647265362,1,0
2090,0.2579801693,0,0
2091,1.1007365173,1,1
2092,1.1007365173,1,1
2093,0.9856251852,1,0
2094,0.9856251852,1,0
2095,0.8770763252,1,0
2096,1.399306434,1,1
2097,0.6476168769,1,0
2098,0.6476168769,1,0
2099,0.6476168769,1,0
2100,0.9975035049,1,0
2101,0.9966203236,0,0
2102,0.9330092509000001,1,0
2103,1.1323921951,1,0
2104,1.1323921951,1,0
2105,1.1323921951,1,1
2106,1.1323921951,1,1
2107,1.3743037987,1,0
2108,1.2115748191,1,0
2109,1.0758494597,1,0
2110,1.0758494597,1,0
2111,0.8818248863,1,0
2112,0.8818248863,1,0
2113,0.8601979408,1,0
2114,0.6923844103,0,0
2115,0.6923844103,0,0
2116,1.2415155789,1,0
2117,0.9254617527,1,0
2118,1.2538288375,1,0
2119,0.9502493983,1,0
2120,0.5934497058,1,0
2121,0.5430425125,1,0
2122,1.2870639859,1,0
2123,1.0402571015000002,1,1
2124,1.0402571015000002,1,0
2125,1.3734770459,1,0
2126,1.3734770459,1,0
2127,1.4214773449,1,0
2128,1.1847020029000002,0,0
2129,0.8487488443000001,1,0
2130,0.7911019259000001,1,0
2131,0.7266727162000001,0,0
2132,0.7266727162000001,0,0
2133,1.013968404,1,0
2134,1.013968404,1,0
2135,0.8681237762,1,0
2136,1.3754356061000002,1,0
2137,1.4245634927000002,1,0
2138,1.797647125,1,0
2139,1.4235110833000002,1,0
2140,1.4235110833000002,1,0
2141,1.0155017674,1,0
2142,0.9989424641,1,0
2143,0.7795681898000001,1,0
2144,0.9324925008,1,0
2145,1.271008,1,0
2146,1.3126250303,1,0
2147,1.0882996,1,0
2148,1.0083294332,1,0
2149,1.4270264615000001,1,0
2150,1.8791178788,1,0
2151,1.8791178788,1,0
2152,1.2931176594,1,0
2153,1.2467936819,1,0
2154,0.9925825714000001,1,0
2155,0.9925825714000001,1,0
2156,0.5485790022,0,0
2157,0.5485790022,0,0
2158,1.0868914208,0,0
2159,1.2115485541,1,0
2160,0.8201295496,1,0
2161,0.8201295496,1,0
2162,0.6524359064999999,0,0
2163,0.9475481620999999,1,0
2164,0.9339400673,1,0
2165,0.9339400673,1,0
2166,0.9692384764,1,0
2167,0.9692384764,1,0
2168,0.9692384764,1,0
2169,1.0206682635,1,0
2170,0.8136441269,1,0
2171,0.8136441269,1,0
2172,0.9984228545999999,1,0
2173,1.0194964747,1,0
2174,1.0194964747,1,0
2175,1.5695051642,1,0
2176,0.9029463195,0,0
2177,0.9716710755,1,0
2178,1.0207792,1,0
2179,0.7051812651999999,1,0
2180,1.0284858727,1,0
2181,1.6795732465,1,0
2182,0.9790033481,1,0
2183,0.9959745052,1,0
2184,0.2515223507,0,1
2185,1.0743352789,1,0
2186,1.1019626919,1,0
2187,1.1019626919,1,0
2188,1.010776406,1,0
2189,1.010776406,1,0
2190,0.9798548437000001,1,0
2191,0.9798548437000001,1,0
2192,0.6912272953,1,0
2193,0.6912272953,1,0
2194,0.6975625309000001,1,1
2195,0.812986558,1,0
2196,1.3902823628999998,1,0
2197,0.9676116437000001,1,0
2198,0.9676116437000001,1,1
2199,0.9676116437000001,1,0
2200,0.7917383883,1,0
2201,0.8890793323999999,1,0
2202,0.8890793323999999,1,0
2203,1.1492724706,1,0
2204,1.2492882804,1,0
2205,0.41390076929999997,1,0
2206,1.3637814237,1,0
2207,0.8921167209,1,0
2208,0.8921167209,1,0
2209,1.0561908282999999,1,0
2210,1.3384185116,1,0
2211,1.68684275,1,1
2212,1.4945712289,1,0
2213,0.9780377089,0,0
2214,0.9933378834000001,1,0
2215,0.9933378834000001,1,0
2216,1.2910806632,1,0
2217,1.2910806632,1,0
2218,0.9591127097,1,0
2219,1.0048607623999999,1,0
2220,0.3972044261,0,0
2221,0.3972044261,0,0
2222,1.1501794286,1,0
2223,1.1501794286,1,0
2224,1.4505788235,1,0
2225,1.2888056833,1,0
2226,1.2888056833,0,0
2227,0.6539049752,0,0
2228,1.0046965,1,0
2229,0.9513256654000001,1,0
2230,1.0375641843,1,0
2231,0.9079877483,1,1
2232,0.7301764179000001,1,0
2233,0.7301764179000001,1,0
2234,1.3312295106999998,1,0
2235,1.5242247368000001,1,0
2236,1.5242247368000001,1,0
2237,1.2951928444,1,1
2238,1.2951928444,1,0
2239,0.9477759584000001,1,0
2240,0.9477759584000001,0,0
2241,0.9424960315,1,0
2242,0.9424960315,1,1
2243,1.0231316848,1,0
2244,1.0231316848,1,0
2245,1.292387962,1,0
2246,0.8495072064,0,0
2247,1.3513909719,1,0
2248,0.9066728187,1,0
2249,0.9066728187,1,0
2250,0.9811022361,1,0
2251,1.0888841376,1,0
2252,1.3887865617,1,0
2253,1.3408178063,1,0
2254,0.8222342316,1,1
2255,0.9711309095999999,1,0
2256,1.3935545531,1,0
2257,1.3935545531,1,0
2258,0.1755197414,1,0
2259,0.1755197414,1,0
2260,1.0447000668000002,1,1
2261,1.159914978,1,0
2262,0.5802723684000001,1,0
2263,1.282980295,1,0
2264,1.3062260664,0,0
2265,0.9991801693000001,1,0
2266,0.9991801693000001,1,0
2267,1.5395627,1,0
2268,0.9649612567,1,0
2269,1.2493175246,1,0
2270,1.2493175246,1,0
2271,0.6125584416,1,0
2272,0.6125584416,1,0
2273,0.6125584416,1,0
2274,1.7143220550999998,1,0
2275,0.9929945083,1,0
2276,1.0527141143,1,0
2277,0.9089763273999999,1,0
2278,1.7348153636,1,0
2279,0.9886829845999999,1,0
2280,0.9886829845999999,1,0
2281,1.1231479429,1,0
2282,1.1231479429,1,0
2283,0.9267080133,1,0
2284,1.3498116667,1,0
2285,1.0652554684,1,0
2286,1.0652554684,1,0
2287,1.2156864286,1,0
2288,0.976554375,1,0
2289,1.0050780689,1,0
2290,0.7424945957,0,0
2291,0.7424945957,0,0
2292,1.1803614340000002,1,0
2293,0.848040875,1,0
2294,0.7439061825,0,0
2295,0.9503421851999999,1,0
2296,1.3625235828,1,0
2297,0.9861948779999999,1,0
2298,0.6491693867,0,0
2299,0.6491693867,0,0
2300,1.4874603455000002,1,0
2301,0.8789288247,1,1
2302,0.8789288247,1,0
2303,0.9524574982999999,1,0
2304,0.9524574982999999,1,0
2305,1.285430303,1,0
2306,0.9573093661,1,0
2307,0.9573093661,1,0
2308,1.3614067372999998,1,0
2309,1.3614067372999998,1,1
2310,0.9973984112000001,1,0
2311,0.0025654784,1,0
2312,0.0653437411,1,0
2313,0.15990734939999998,1,0
2314,0.0235824907,1,0
2315,0.10714438970000001,0,0
2316,0.043087802300000005,0,0
2317,0.29459534379999996,1,0
2318,0.29459534379999996,1,0
2319,1.038403246,1,0
2320,0.0049531003,0,0
2321,0.0049531003,0,0
2322,0.0740107389,0,0
2323,0.117711673,1,0
2324,0.117711673,1,0
2325,0.3006921257,1,0
2326,0.3006921257,1,0
2327,0.0049824579999999995,1,0
2328,0.1279444669,0,0
2329,0.0992107476,1,0
2330,0.0992107476,0,0
2331,0.21829664170000002,0,0
2332,0.12772436210000002,1,0
2333,0.0738900099,1,0
2334,0.328857756,0,0
2335,0.2142606583,0,0
2336,0.4818812638,1,0
2337,0.2660175896,0,0
2338,0.4313961876,1,0
2339,0.06538461599999999,1,0
2340,0.2300334005,1,0
2341,0.09298554099999999,0,0
2342,0.021529677400000002,0,0
2343,0.0745318196,1,0
2344,0.37438913549999997,1,0
2345,0.26512083399999997,1,0
2346,0.200698013,1,0
2347,0.200698013,1,0
2348,0.4212765625,1,0
2349,0.2196440594,1,0
2350,0.2120175925,1,0
2351,0.3645622561,0,0
2352,0.1493087321,1,0
2353,0.1449426029,1,0
2354,0.1812813809,0,0
2355,0.17063442010000002,1,0
2356,0.17063442010000002,1,0
2357,0.11718964189999999,1,0
2358,0.11718964189999999,0,0
2359,0.3741983132,0,0
2360,0.3123696548,0,0
2361,0.23936457879999998,1,0
2362,0.2428795494,1,0
2363,0.1425667552,0,0
2364,0.285634617,0,0
2365,0.1925511134,0,0
2366,0.0206746795,0,0
2367,0.41805199909999996,0,0
2368,0.2513317566,1,0
2369,0.2075411339,1,0
2370,0.36379000219999996,1,0
2371,0.2319198652,1,0
2372,0.1314999781,0,0
2373,0.23167804879999998,1,0
2374,0.17162065640000002,1,0
2375,0.18116140690000002,1,0
2376,0.2380087061,1,0
2377,0.4908232164,0,0
2378,0.4908232164,0,0
2379,0.30183304,1,0
2380,0.0534732529,0,0
2381,0.0598615551,1,0
2382,0.0921590005,0,0
2383,0.1256747077,0,0
2384,0.1847155494,1,0
2385,0.5634840112,0,0
2386,0.4216558367,1,0
2387,0.276316718,1,0
2388,0.0868284887,1,0
2389,0.250236909,0,0
2390,0.2724272598,1,0
2391,0.2099011762,1,0
2392,0.3066008289,1,0
2393,0.2600942751,0,0
2394,0.3197634156,1,0
2395,0.1453348107,1,0
2396,0.1896951059,0,0
2397,0.33132757739999996,1,0
2398,0.3831628037,1,0
2399,0.21955075940000002,1,0
2400,0.20837575239999998,1,0
2401,0.3516349777,1,0
2402,0.3049998319,1,0
2403,0.0897509655,1,0
2404,0.1361492452,0,0
2405,0.2420605773,1,0
2406,0.44071629240000004,1,0
2407,0.4225443504,0,0
2408,0.2539223732,0,0
2409,0.0629789038,0,0
2410,0.116274973,0,0
2411,0.02839537,1,0
2412,0.0851531726,1,0
2413,0.1627165019,1,0
2414,0.0992105447,1,0
2415,0.032395234700000004,0,0
2416,0.1757610002,1,0
2417,0.2854125436,0,0
2418,0.0465104729,0,0
2419,0.0716754566,0,0
2420,0.1573082907,0,0
2421,0.15185695119999998,0,0
2422,0.05661676349999999,1,0
2423,0.19898093579999998,1,0
2424,0.0719196633,0,0
2425,0.0719196633,0,0
2426,0.024878378700000002,1,0
2427,0.23501961649999997,1,0
2428,0.0861960691,1,0
2429,0.1169542453,0,0
2430,0.1468735282,0,0
2431,0.3134224893,1,0
2432,0.1124457122,0,0
2433,0.1001593482,0,0
2434,0.2205178985,0,0
2435,0.3278255743,1,0
2436,0.0259428279,0,0
2437,0.06358736400000001,1,0
2438,0.1561487708,0,0
2439,0.38424747509999996,0,0
2440,0.38424747509999996,0,0
2441,0.271832671,1,0
2442,0.12054776789999999,1,0
2443,0.21502230949999998,0,0
2444,0.1314752323,0,0
2445,0.3038617885,0,0
2446,0.41078428840000003,1,0
2447,0.4277691025,1,0
2448,0.37308615689999997,1,0
2449,0.6833707493000001,1,0
2450,0.0465139646,0,0
2451,0.4405055074,0,0
2452,0.5070342157,0,0
2453,0.5070342157,0,0
2454,0.4380356625,1,0
2455,0.4422018129,1,0
2456,0.0013586419,1,0
2457,0.2769636444,1,0
2458,0.2625006141,1,0
2459,0.23644711149999997,1,0
2460,0.2806734802,0,0
2461,0.3646592518,1,0
2462,0.1391738084,0,0
2463,0.0080856404,0,0
2464,0.5248191741,1,0
2465,0.5248191741,1,0
2466,0.31731649370000004,1,0
2467,0.5868025022,1,0
2468,0.09007641220000001,0,0
2469,0.17895595890000002,1,0
2470,0.08687105029999999,0,0
2471,0.0136353745,1,0
2472,0.203546476,1,0
2473,0.5026150049,1,0
2474,0.0161542879,0,0
2475,0.3081358183,1,0
2476,0.31027723620000003,1,0
2477,0.26458740329999997,0,0
2478,0.26458740329999997,0,0
2479,0.4687399504,1,0
2480,0.2356403598,1,0
2481,0.1543645334,0,0
2482,0.414346125,1,0
2483,0.36430391939999995,0,0
2484,0.36430391939999995,1,0
2485,0.4061314707,1,0
2486,0.3077457125,1,0
2487,0.221197797,1,0
2488,0.2187854082,1,0
2489,0.2183326873,1,0
2490,0.8524952511,1,0
2491,0.23310529600000002,1,0
2492,0.3295162142,0,0
2493,0.20556764019999998,0,0
2494,0.3148759967,0,0
2495,0.34218326,1,0
2496,0.39476272560000003,1,0
2497,0.1061778467,0,0
2498,0.20567196629999998,1,0
2499,0.0540498467,1,0
2500,0.5853365037,1,0
2501,0.3280513277,1,0
2502,0.1933403519,0,0
2503,0.3994974837,1,0
2504,0.48430954200000004,1,0
2505,0.2054346635,1,0
2506,0.38167939619999997,1,0
2507,0.5678617989,1,0
2508,0.031215126699999998,0,0
2509,0.10024588359999999,1,0
2510,0.7086666231000001,1,0
2511,0.5699818909000001,1,0
2512,0.4607454502,1,0
2513,0.1404609316,0,0
2514,0.1168243175,1,0
2515,0.39959177520000005,1,0
2516,0.328765607,0,0
2517,0.5515651383,1,0
2518,0.4081213491,1,0
2519,0.27556155379999997,0,0
2520,0.7282926781999999,1,0
2521,0.2971949772,1,0
2522,0.687613299,1,0
2523,0.5268873954,0,0
2524,0.5070892764,1,0
2525,0.7463758788,1,0
2526,1.5512268331999999,0,0
2527,0.194223325,0,0
2528,0.5740824814,1,0
2529,0.5624675852000001,1,0
2530,0.6054422186,0,0
2531,0.27463370859999997,1,0
2532,0.11725980720000001,0,0
2533,0.6397932467,1,0
2534,0.37814809200000005,1,0
2535,0.1355691268,1,0
2536,0.056426941200000004,1,0
2537,0.1296149415,1,0
2538,0.12579613,1,0
2539,0.1395262567,1,0
2540,0.110502788,0,0
2541,0.0665615113,0,0
2542,0.1630996217,0,0
2543,0.49101620030000004,0,0
2544,0.2723409309,1,0
